date,y,anomaly_count,anomaly_intensity,production,batch_count,y_rolling_mean_3d,y_rolling_mean_7d,anomaly_count_rolling_mean_3d,anomaly_count_rolling_mean_7d,production_rolling_mean_3d,production_rolling_mean_7d,y_lag_1,y_lag_7,production_lag_1,production_lag_7,batch_count_lag_1,batch_count_lag_7,ds,day_of_week,is_weekend,is_month_end,day_of_month,is_month_end_period,month,quarter,is_weekday,is_first_week,is_last_week,weekend_month_end,weekend_batch_count,month_end_batch_count,production_per_batch,energy_per_batch,energy_per_production
2025-01-01,24667.918450966,177,122.0,24000,24,24667.918450966,24667.918450966,177.0,177.0,24000.0,24000.0,24667.918450966,24667.918450966,24000.0,24000.0,24.0,24.0,2025-01-01,2,False,False,1,False,1,1,True,True,False,False,0,0,1000.0,1027.8299354569167,1.0278299354569167
2025-01-02,24690.552902885,149,132.0,24000,24,24679.2356769255,24679.2356769255,163.0,163.0,24000.0,24000.0,24667.918450966,24667.918450966,24000.0,24000.0,24.0,24.0,2025-01-02,3,False,False,2,False,1,1,True,True,False,False,0,0,1000.0,1028.7730376202082,1.0287730376202082
2025-01-03,24591.273101036,184,90.0,24000,24,24649.914818295667,24649.914818295667,170.0,170.0,24000.0,24000.0,24690.552902885,24667.918450966,24000.0,24000.0,24.0,24.0,2025-01-03,4,False,False,3,False,1,1,True,True,False,False,0,0,1000.0,1024.6363792098334,1.0246363792098334
2025-01-04,13309.959857838,70,55.0,12000,24,20863.928620586335,21814.926078181248,134.33333333333334,145.0,20000.0,21000.0,24591.273101036,24667.918450966,24000.0,24000.0,24.0,24.0,2025-01-04,5,True,False,4,False,1,1,False,True,False,False,24,0,500.0,554.5816607432499,1.1091633214865
2025-01-05,13376.101283305,91,80.0,12000,24,17092.444747393,20127.161119206,115.0,134.2,16000.0,19200.0,13309.959857838,24667.918450966,12000.0,24000.0,24.0,24.0,2025-01-05,6,True,False,5,False,1,1,False,True,False,False,24,0,500.0,557.3375534710417,1.1146751069420835
2025-01-06,24769.696953216,187,191.0,24000,24,17151.919364786332,20900.917091541,116.0,143.0,16000.0,20000.0,13376.101283305,24667.918450966,12000.0,24000.0,24.0,24.0,2025-01-06,0,False,False,6,False,1,1,True,True,False,False,0,0,1000.0,1032.070706384,1.032070706384
2025-01-07,24719.227564008,156,171.0,24000,24,20955.008600176337,21446.390016179143,144.66666666666666,144.85714285714286,20000.0,20571.428571428572,24769.696953216,24667.918450966,24000.0,24000.0,24.0,24.0,2025-01-07,1,False,False,7,False,1,1,True,True,False,False,0,0,1000.0,1029.967815167,1.029967815167
2025-01-08,24738.787452147,178,174.0,24000,24,24742.570656457,21456.514159205,173.66666666666666,145.0,24000.0,20571.428571428572,24719.227564008,24667.918450966,24000.0,24000.0,24.0,24.0,2025-01-08,2,False,False,8,False,1,1,True,False,False,False,0,0,1000.0,1030.782810506125,1.030782810506125
2025-01-09,24730.050288892002,189,164.0,24000,24,24729.355101682333,21462.156642920287,174.33333333333334,150.71428571428572,24000.0,20571.428571428572,24738.787452147,24690.552902885,24000.0,24000.0,24.0,24.0,2025-01-09,3,False,False,9,False,1,1,True,False,False,False,0,0,1000.0,1030.4187620371667,1.0304187620371668
2025-01-10,24785.35577979,172,194.0,24000,24,24751.39784027633,21489.882739885146,179.66666666666666,149.0,24000.0,20571.428571428572,24730.050288892002,24591.273101036,24000.0,24000.0,24.0,24.0,2025-01-10,4,False,False,10,False,1,1,True,False,False,False,0,0,1000.0,1032.72315749125,1.0327231574912499
2025-01-11,13349.712209577,75,70.0,12000,24,20955.039426086336,21495.56164727643,145.33333333333334,149.71428571428572,20000.0,20571.428571428572,24785.35577979,13309.959857838,24000.0,12000.0,24.0,24.0,2025-01-11,5,True,False,11,False,1,1,False,False,False,False,24,0,500.0,556.238008732375,1.1124760174647499
2025-01-12,13307.804542304999,94,40.0,12000,24,17147.624177224,21485.804969990713,113.66666666666667,150.14285714285714,16000.0,20571.428571428572,13349.712209577,13376.101283305,12000.0,12000.0,24.0,24.0,2025-01-12,6,True,False,12,False,1,1,False,False,False,False,24,0,500.0,554.491855929375,1.10898371185875
2025-01-13,24737.6784189,172,172.0,24000,24,17131.731723594,21481.23089365986,113.66666666666667,148.0,16000.0,20571.428571428572,13307.804542304999,24769.696953216,12000.0,24000.0,24.0,24.0,2025-01-13,0,False,False,13,False,1,1,True,False,False,False,0,0,1000.0,1030.7366007875,1.0307366007875
2025-01-14,24727.83253706,146,158.0,24000,24,20924.438499421663,21482.46017552443,137.33333333333334,146.57142857142858,20000.0,20571.428571428572,24737.6784189,24719.227564008,24000.0,24000.0,24.0,24.0,2025-01-14,1,False,False,14,False,1,1,True,False,False,False,0,0,1000.0,1030.3263557108332,1.0303263557108333
2025-01-15,24698.013726453,150,159.0,24000,24,24721.174894137668,21476.635357568146,156.0,142.57142857142858,24000.0,20571.428571428572,24727.83253706,24738.787452147,24000.0,24000.0,24.0,24.0,2025-01-15,2,False,False,15,False,1,1,True,False,False,False,0,0,1000.0,1029.083905268875,1.029083905268875
2025-01-16,24745.647548951,172,172.0,24000,24,24723.831270821334,21478.863537576573,156.0,140.14285714285714,24000.0,20571.428571428572,24698.013726453,24730.050288892002,24000.0,24000.0,24.0,24.0,2025-01-16,3,False,False,16,False,1,1,True,False,False,False,0,0,1000.0,1031.0686478729583,1.0310686478729585
2025-01-17,24774.329227386,177,194.0,24000,24,24739.330167596665,21477.28831580457,166.33333333333334,140.85714285714286,24000.0,20571.428571428572,24745.647548951,24785.35577979,24000.0,24000.0,24.0,24.0,2025-01-17,4,False,False,17,False,1,1,True,False,False,False,0,0,1000.0,1032.26371780775,1.03226371780775
2025-01-18,13362.645540483,83,81.0,12000,24,20960.87410560667,21479.13593450543,144.0,142.0,20000.0,20571.428571428572,24774.329227386,13349.712209577,24000.0,12000.0,24.0,24.0,2025-01-18,5,True,False,18,False,1,1,False,False,False,False,24,0,500.0,556.776897520125,1.1135537950402499
2025-01-19,13399.388727229001,77,106.0,12000,24,17178.787831699334,21492.21938949457,112.33333333333333,139.57142857142858,16000.0,20571.428571428572,13362.645540483,13307.804542304999,12000.0,12000.0,24.0,24.0,2025-01-19,6,True,False,19,False,1,1,False,False,False,False,24,0,500.0,558.3078636345417,1.1166157272690835
2025-01-20,24748.436168928,173,169.0,24000,24,17170.156812213332,21493.756210927142,111.0,139.71428571428572,16000.0,20571.428571428572,13399.388727229001,24737.6784189,12000.0,24000.0,24.0,24.0,2025-01-20,0,False,False,20,False,1,1,True,False,False,False,0,0,1000.0,1031.184840372,1.031184840372
2025-01-21,24769.846525787,192,188.0,24000,24,20972.557140648,21499.75820931671,147.33333333333334,146.28571428571428,20000.0,20571.428571428572,24748.436168928,24727.83253706,24000.0,24000.0,24.0,24.0,2025-01-21,1,False,False,21,False,1,1,True,False,False,False,0,0,1000.0,1032.0769385744584,1.0320769385744584
2025-01-22,24784.292190647,182,193.0,24000,24,24767.524961787334,21512.08370420157,182.33333333333334,150.85714285714286,24000.0,20571.428571428572,24769.846525787,24698.013726453,24000.0,24000.0,24.0,24.0,2025-01-22,2,False,False,22,False,1,1,True,False,False,False,0,0,1000.0,1032.6788412769583,1.0326788412769583
2025-01-23,24715.90820414,174,160.0,24000,24,24756.682306857998,21507.835226371426,182.66666666666666,151.14285714285714,24000.0,20571.428571428572,24784.292190647,24745.647548951,24000.0,24000.0,24.0,24.0,2025-01-23,3,False,False,23,False,1,1,True,False,False,False,0,0,1000.0,1029.8295085058332,1.0298295085058333
2025-01-24,24655.437207698,158,124.0,24000,24,24718.545867495002,21490.850652130288,171.33333333333334,148.42857142857142,24000.0,20571.428571428572,24715.90820414,24774.329227386,24000.0,24000.0,24.0,24.0,2025-01-24,4,False,False,24,False,1,1,True,False,False,False,0,0,1000.0,1027.3098836540833,1.0273098836540833
2025-01-25,13370.071663233,91,79.0,12000,24,20913.805691690333,21491.911526808857,141.0,149.57142857142858,20000.0,20571.428571428572,24655.437207698,13362.645540483,24000.0,12000.0,24.0,24.0,2025-01-25,5,True,False,25,False,1,1,False,False,True,False,24,0,500.0,557.086319301375,1.11417263860275
2025-01-26,13377.118372128,94,88.0,12000,24,17134.209081019664,21488.730047508714,114.33333333333333,152.0,16000.0,20571.428571428572,13370.071663233,13399.388727229001,12000.0,12000.0,24.0,24.0,2025-01-26,6,True,False,26,False,1,1,False,False,True,False,24,0,500.0,557.3799321719999,1.114759864344
2025-01-27,24838.974683626,205,225.0,24000,24,17195.388239662334,21501.664121037,130.0,156.57142857142858,16000.0,20571.428571428572,13377.118372128,24748.436168928,12000.0,24000.0,24.0,24.0,2025-01-27,0,False,False,27,False,1,1,True,False,True,False,0,0,1000.0,1034.9572784844165,1.0349572784844165
2025-01-28,13379.743300398,81,88.0,12000,24,17198.61211871733,19874.50651741,126.66666666666667,140.71428571428572,16000.0,18857.14285714286,24838.974683626,24769.846525787,24000.0,24000.0,24.0,24.0,2025-01-28,1,False,False,28,True,1,1,True,False,True,False,0,24,500.0,557.48930418325,1.1149786083665
2025-01-29,13409.702699972,93,104.0,12000,24,17209.473561331997,18249.565161599287,126.33333333333333,128.0,16000.0,17142.85714285714,13379.743300398,24784.292190647,12000.0,24000.0,24.0,24.0,2025-01-29,2,False,False,29,True,1,1,True,False,True,False,0,24,500.0,558.7376124988333,1.1174752249976667
2025-01-30,13315.710752161,78,53.0,12000,24,13368.385584176998,16620.965525602285,84.0,114.28571428571429,12000.0,15428.57142857143,13409.702699972,24715.90820414,12000.0,24000.0,24.0,24.0,2025-01-30,3,False,False,30,True,1,1,True,False,True,False,0,24,500.0,554.8212813400417,1.1096425626800832
2025-01-31,13365.847522308,95,78.0,12000,24,13363.753658147,15008.166999117999,88.66666666666667,105.28571428571429,12000.0,13714.285714285714,13315.710752161,24655.437207698,12000.0,24000.0,24.0,24.0,2025-01-31,4,False,True,31,True,1,1,True,False,True,False,0,24,500.0,556.9103134295,1.113820626859
2025-02-01,13392.975162163,84,88.0,12000,24,13358.177812210664,15011.438927536572,85.66666666666667,104.28571428571429,12000.0,13714.285714285714,13365.847522308,13370.071663233,12000.0,12000.0,24.0,24.0,2025-02-01,5,True,False,1,False,2,1,False,True,False,False,24,0,500.0,558.0406317567916,1.1160812635135833
2025-02-02,13450.335973641,110,115.0,12000,24,13403.05288603733,15021.898584895573,96.33333333333333,106.57142857142857,12000.0,13714.285714285714,13392.975162163,13377.118372128,12000.0,12000.0,24.0,24.0,2025-02-02,6,True,False,2,False,2,1,False,True,False,False,24,0,500.0,560.430665568375,1.1208613311367501
2025-02-03,24896.78632279,208,239.0,24000,24,17246.699152864665,15030.157390490427,134.0,107.0,16000.0,13714.285714285714,13450.335973641,24838.974683626,12000.0,24000.0,24.0,24.0,2025-02-03,0,False,False,3,False,2,1,True,True,False,False,0,0,1000.0,1037.3660967829167,1.0373660967829168
2025-02-04,24828.908559542,199,212.0,24000,24,21058.676951991,16665.752427511,172.33333333333334,123.85714285714286,20000.0,15428.57142857143,24896.78632279,13379.743300398,24000.0,12000.0,24.0,24.0,2025-02-04,1,False,False,4,False,2,1,True,True,False,False,0,0,1000.0,1034.5378566475833,1.0345378566475834
2025-02-05,24790.143580033,197,192.0,24000,24,24838.61282078833,18291.529696091144,201.33333333333334,138.71428571428572,24000.0,17142.85714285714,24828.908559542,13409.702699972,24000.0,12000.0,24.0,24.0,2025-02-05,2,False,False,5,False,2,1,True,True,False,False,0,0,1000.0,1032.9226491680417,1.0329226491680417
2025-02-06,24712.615721501,178,153.0,24000,24,24777.222620358665,19919.658977425428,191.33333333333334,153.0,24000.0,18857.14285714286,24790.143580033,13315.710752161,24000.0,12000.0,24.0,24.0,2025-02-06,3,False,False,6,False,2,1,True,True,False,False,0,0,1000.0,1029.6923217292083,1.0296923217292082
2025-02-07,24795.15410923,193,188.0,24000,24,24765.971136921333,21552.41706127143,189.33333333333334,167.0,24000.0,20571.428571428572,24712.615721501,13365.847522308,24000.0,12000.0,24.0,24.0,2025-02-07,4,False,False,7,False,2,1,True,True,False,False,0,0,1000.0,1033.1314212179166,1.0331314212179166
2025-02-08,13368.003308764,105,55.0,12000,24,20958.59104649833,21548.849653643,158.66666666666666,170.0,20000.0,20571.428571428572,24795.15410923,13392.975162163,24000.0,12000.0,24.0,24.0,2025-02-08,5,True,False,8,False,2,1,False,False,False,False,24,0,500.0,557.0001378651667,1.1140002757303333
2025-02-09,13426.323508794,89,113.0,12000,24,17196.493642262663,21545.419301522,129.0,167.0,16000.0,20571.428571428572,13368.003308764,13450.335973641,12000.0,12000.0,24.0,24.0,2025-02-09,6,True,False,9,False,2,1,False,False,False,False,24,0,500.0,559.43014619975,1.1188602923995
2025-02-10,24767.92484154,175,189.0,24000,24,17187.41721969933,21527.010518486288,123.0,162.28571428571428,16000.0,20571.428571428572,13426.323508794,24896.78632279,12000.0,24000.0,24.0,24.0,2025-02-10,0,False,False,10,False,2,1,True,False,False,False,0,0,1000.0,1031.9968683975,1.0319968683975
2025-02-11,24851.888011257,216,216.0,24000,24,21015.378787196998,21530.293297302713,160.0,164.71428571428572,20000.0,20571.428571428572,24767.92484154,24828.908559542,24000.0,24000.0,24.0,24.0,2025-02-11,1,False,False,11,False,2,1,True,False,False,False,0,0,1000.0,1035.495333802375,1.0354953338023751
2025-02-12,24777.667061250002,199,183.0,24000,24,24799.159971349,21528.51093747657,196.66666666666666,165.0,24000.0,20571.428571428572,24851.888011257,24790.143580033,24000.0,24000.0,24.0,24.0,2025-02-12,2,False,False,12,False,2,1,True,False,False,False,0,0,1000.0,1032.4027942187502,1.0324027942187501
2025-02-13,24820.539173041998,196,204.0,24000,24,24816.698081849667,21543.928573410998,203.66666666666666,167.57142857142858,24000.0,20571.428571428572,24777.667061250002,24712.615721501,24000.0,24000.0,24.0,24.0,2025-02-13,3,False,False,13,False,2,1,True,False,False,False,0,0,1000.0,1034.1891322100832,1.0341891322100834
2025-02-14,24881.55464625,202,241.0,24000,24,24826.586960180663,21556.271507271,199.0,168.85714285714286,24000.0,20571.428571428572,24820.539173041998,24795.15410923,24000.0,24000.0,24.0,24.0,2025-02-14,4,False,False,14,False,2,1,True,False,False,False,0,0,1000.0,1036.7314435937499,1.03673144359375
2025-02-15,13398.10133728,106,92.0,12000,24,21033.398385523997,21560.57122563043,168.0,169.0,20000.0,20571.428571428572,24881.55464625,13368.003308764,24000.0,12000.0,24.0,24.0,2025-02-15,5,True,False,15,False,2,1,False,False,False,False,24,0,500.0,558.2542223866667,1.1165084447733333
2025-02-16,13420.969448078,97,105.0,12000,24,17233.541810535997,21559.806359813858,135.0,170.14285714285714,16000.0,20571.428571428572,13398.10133728,13426.323508794,12000.0,12000.0,24.0,24.0,2025-02-16,6,True,False,16,False,2,1,False,False,False,False,24,0,500.0,559.2070603365834,1.1184141206731666
2025-02-17,24873.597738705,206,234.0,24000,24,17230.889508021,21574.902487980286,136.33333333333334,174.57142857142858,16000.0,20571.428571428572,13420.969448078,24767.92484154,12000.0,24000.0,24.0,24.0,2025-02-17,0,False,False,17,False,2,1,True,False,False,False,0,0,1000.0,1036.399905779375,1.0363999057793751
2025-02-18,24814.122826771,214,207.0,24000,24,21036.230004517998,21569.507461625144,172.33333333333334,174.28571428571428,20000.0,20571.428571428572,24873.597738705,24851.888011257,24000.0,24000.0,24.0,24.0,2025-02-18,1,False,False,18,False,2,1,True,False,False,False,0,0,1000.0,1033.9217844487916,1.0339217844487916
2025-02-19,24790.332689798,186,195.0,24000,24,24826.017751757998,21571.316837132,202.0,172.42857142857142,24000.0,20571.428571428572,24814.122826771,24777.667061250002,24000.0,24000.0,24.0,24.0,2025-02-19,2,False,False,19,False,2,1,True,False,False,False,0,0,1000.0,1032.9305287415834,1.0329305287415833
2025-02-20,24793.555171043,199,185.0,24000,24,24799.336895870667,21567.46197970357,199.66666666666666,172.85714285714286,24000.0,20571.428571428572,24790.332689798,24820.539173041998,24000.0,24000.0,24.0,24.0,2025-02-20,3,False,False,20,False,2,1,True,False,False,False,0,0,1000.0,1033.0647987934583,1.0330647987934585
2025-02-21,24877.447711909,222,239.0,24000,24,24820.445190916667,21566.875274797716,202.33333333333334,175.71428571428572,24000.0,20571.428571428572,24793.555171043,24881.55464625,24000.0,24000.0,24.0,24.0,2025-02-21,4,False,False,21,False,2,1,True,False,False,False,0,0,1000.0,1036.5603213295417,1.0365603213295418
2025-02-22,13382.607743432,84,86.0,12000,24,21017.870208794666,21564.661904248,168.33333333333334,172.57142857142858,20000.0,20571.428571428572,24877.447711909,13398.10133728,24000.0,12000.0,24.0,24.0,2025-02-22,5,True,False,22,False,2,1,False,False,False,False,24,0,500.0,557.6086559763334,1.1152173119526667
2025-02-23,13430.384055016,90,118.0,12000,24,17230.14650345233,21566.006848096287,132.0,171.57142857142858,16000.0,20571.428571428572,13382.607743432,13420.969448078,12000.0,12000.0,24.0,24.0,2025-02-23,6,True,False,23,False,2,1,False,False,False,False,24,0,500.0,559.5993356256666,1.1191986712513333
2025-02-24,24783.818197514,185,195.0,24000,24,17198.936665320663,21553.181199354713,119.66666666666667,168.57142857142858,16000.0,20571.428571428572,13430.384055016,24873.597738705,12000.0,24000.0,24.0,24.0,2025-02-24,0,False,False,24,False,2,1,True,False,False,False,0,0,1000.0,1032.6590915630834,1.0326590915630833
2025-02-25,24843.987966102,196,218.0,24000,24,21019.396739543994,21557.44764783057,157.0,166.0,20000.0,20571.428571428572,24783.818197514,24814.122826771,24000.0,24000.0,24.0,24.0,2025-02-25,1,False,False,25,False,2,1,True,False,True,False,0,0,1000.0,1035.16616525425,1.0351661652542499
2025-02-26,24773.611168912,203,179.0,24000,24,24800.472444175994,21555.058859132572,194.66666666666666,168.42857142857142,24000.0,20571.428571428572,24843.987966102,24790.332689798,24000.0,24000.0,24.0,24.0,2025-02-26,2,False,False,26,False,2,1,True,False,True,False,0,0,1000.0,1032.2337987046667,1.0322337987046668
2025-02-27,24785.064117919,178,181.0,24000,24,24800.88775097766,21553.845851543425,192.33333333333334,165.42857142857142,24000.0,20571.428571428572,24773.611168912,24793.555171043,24000.0,24000.0,24.0,24.0,2025-02-27,3,False,False,27,False,2,1,True,False,True,False,0,0,1000.0,1032.7110049132916,1.0327110049132917
2025-02-28,13362.927235915,87,79.0,12000,24,20973.867507581996,19908.914354972858,156.0,146.14285714285714,20000.0,18857.14285714286,24785.064117919,24877.447711909,24000.0,24000.0,24.0,24.0,2025-02-28,4,False,True,28,True,2,1,True,False,True,False,0,24,500.0,556.7886348297917,1.1135772696595834
2025-03-01,13431.885939628,120,103.0,12000,24,17193.292431153997,19915.954097286573,128.33333333333334,151.28571428571428,16000.0,18857.14285714286,13362.927235915,13382.607743432,12000.0,12000.0,24.0,24.0,2025-03-01,5,True,False,1,False,3,1,False,True,False,False,24,0,500.0,559.6619141511667,1.1193238283023335
2025-03-02,13351.502380836,98,57.0,12000,24,13382.105185459664,19904.68528668943,101.66666666666667,152.42857142857142,12000.0,18857.14285714286,13431.885939628,13430.384055016,12000.0,12000.0,24.0,24.0,2025-03-02,6,True,False,2,False,3,1,False,True,False,False,24,0,500.0,556.3125992015,1.112625198403
2025-03-03,24756.967096997,208,170.0,24000,24,17180.118472486996,19900.849415187,142.0,155.71428571428572,16000.0,18857.14285714286,13351.502380836,24783.818197514,12000.0,24000.0,24.0,24.0,2025-03-03,0,False,False,3,False,3,1,True,True,False,False,0,0,1000.0,1031.5402957082083,1.0315402957082083
2025-03-04,24690.345699221,211,131.0,24000,24,20932.938392351327,19878.900519918283,172.33333333333334,157.85714285714286,20000.0,18857.14285714286,24756.967096997,24843.987966102,24000.0,24000.0,24.0,24.0,2025-03-04,1,False,False,4,False,3,1,True,True,False,False,0,0,1000.0,1028.7644041342085,1.0287644041342083
2025-03-05,24763.089044763,219,168.0,24000,24,24736.800613660333,19877.397359325572,212.66666666666666,160.14285714285714,24000.0,18857.14285714286,24690.345699221,24773.611168912,24000.0,24000.0,24.0,24.0,2025-03-05,2,False,False,5,False,3,1,True,True,False,False,0,0,1000.0,1031.795376865125,1.0317953768651251
2025-03-06,24717.148841439,176,157.0,24000,24,24723.52786180766,19867.695176971287,202.0,159.85714285714286,24000.0,18857.14285714286,24763.089044763,24785.064117919,24000.0,24000.0,24.0,24.0,2025-03-06,3,False,False,6,False,3,1,True,True,False,False,0,0,1000.0,1029.881201726625,1.029881201726625
2025-03-07,24698.136477255,192,133.0,24000,24,24726.124787819,21487.010782877,195.66666666666666,174.85714285714286,24000.0,20571.428571428572,24717.148841439,13362.927235915,24000.0,12000.0,24.0,24.0,2025-03-07,4,False,False,7,False,3,1,True,True,False,False,0,0,1000.0,1029.089019885625,1.029089019885625
2025-03-08,13358.041616516,101,50.0,12000,24,20924.44231173666,21476.461593861,156.33333333333334,172.14285714285714,20000.0,20571.428571428572,24698.136477255,13431.885939628,24000.0,12000.0,24.0,24.0,2025-03-08,5,True,False,8,False,3,1,False,False,False,False,24,0,500.0,556.5850673548333,1.1131701347096667
2025-03-09,13431.507910444,107,104.0,12000,24,17162.562001404996,21487.89095523357,133.33333333333334,173.42857142857142,16000.0,20571.428571428572,13358.041616516,13351.502380836,12000.0,12000.0,24.0,24.0,2025-03-09,6,True,False,9,False,3,1,False,False,False,False,24,0,500.0,559.6461629351667,1.1192923258703333
2025-03-10,24704.700168477,192,128.0,24000,24,17164.749898478996,21480.424251159286,133.33333333333334,171.14285714285714,16000.0,20571.428571428572,13431.507910444,24756.967096997,12000.0,24000.0,24.0,24.0,2025-03-10,0,False,False,10,False,3,1,True,False,False,False,0,0,1000.0,1029.362507019875,1.029362507019875
2025-03-11,24755.661694366,221,170.0,24000,24,20963.956591095663,21489.755107608573,173.33333333333334,172.57142857142858,20000.0,20571.428571428572,24704.700168477,24690.345699221,24000.0,24000.0,24.0,24.0,2025-03-11,1,False,False,11,False,3,1,True,False,False,False,0,0,1000.0,1031.4859039319167,1.0314859039319166
2025-03-12,24781.467354919,215,172.0,24000,24,24747.276405920664,21492.380580488003,209.33333333333334,172.0,24000.0,20571.428571428572,24755.661694366,24763.089044763,24000.0,24000.0,24.0,24.0,2025-03-12,2,False,False,12,False,3,1,True,False,False,False,0,0,1000.0,1032.5611397882917,1.0325611397882917
2025-03-13,24767.676448607,208,175.0,24000,24,24768.268499297326,21499.59881008343,214.66666666666666,176.57142857142858,24000.0,20571.428571428572,24781.467354919,24717.148841439,24000.0,24000.0,24.0,24.0,2025-03-13,3,False,False,13,False,3,1,True,False,False,False,0,0,1000.0,1031.9865186919583,1.0319865186919583
2025-03-14,24773.978655584,226,173.0,24000,24,24774.374153036664,21510.433406987573,216.33333333333334,181.42857142857142,24000.0,20571.428571428572,24767.676448607,24698.136477255,24000.0,24000.0,24.0,24.0,2025-03-14,4,False,False,14,False,3,1,True,False,False,False,0,0,1000.0,1032.2491106493333,1.0322491106493334
2025-03-15,13367.456158045,105,66.0,12000,24,20969.703754078662,21511.778341491714,179.66666666666666,182.0,20000.0,20571.428571428572,24773.978655584,13358.041616516,24000.0,12000.0,24.0,24.0,2025-03-15,5,True,False,15,False,3,1,False,False,False,False,24,0,500.0,556.9773399185417,1.1139546798370834
2025-03-16,13341.307839197001,113,63.0,12000,24,17160.914217608664,21498.892617027857,148.0,182.85714285714286,16000.0,20571.428571428572,13367.456158045,13431.507910444,12000.0,12000.0,24.0,24.0,2025-03-16,6,True,False,16,False,3,1,False,False,False,False,24,0,500.0,555.8878266332084,1.1117756532664167
2025-03-17,24706.445631301,213,127.0,24000,24,17138.40320951433,21499.141968859858,143.66666666666666,185.85714285714286,16000.0,20571.428571428572,13341.307839197001,24704.700168477,12000.0,24000.0,24.0,24.0,2025-03-17,0,False,False,17,False,3,1,True,False,False,False,0,0,1000.0,1029.4352346375417,1.0294352346375417
2025-03-18,24828.798722044,217,202.0,24000,24,20958.85073084733,21509.590115671,181.0,185.28571428571428,20000.0,20571.428571428572,24706.445631301,24755.661694366,24000.0,24000.0,24.0,24.0,2025-03-18,1,False,False,18,False,3,1,True,False,False,False,0,0,1000.0,1034.5332800851668,1.0345332800851668
2025-03-19,24735.874474378,215,161.0,24000,24,24757.039609240997,21503.076847022287,215.0,185.28571428571428,24000.0,20571.428571428572,24828.798722044,24781.467354919,24000.0,24000.0,24.0,24.0,2025-03-19,2,False,False,19,False,3,1,True,False,False,False,0,0,1000.0,1030.6614364324166,1.0306614364324167
2025-03-20,24751.838740891,215,166.0,24000,24,24772.170645770995,21500.81431734857,215.66666666666666,186.28571428571428,24000.0,20571.428571428572,24735.874474378,24767.676448607,24000.0,24000.0,24.0,24.0,2025-03-20,3,False,False,20,False,3,1,True,False,False,False,0,0,1000.0,1031.3266142037917,1.0313266142037916
2025-03-21,24710.527275127,183,136.0,24000,24,24732.746830131993,21491.749834426144,204.33333333333334,180.14285714285714,24000.0,20571.428571428572,24751.838740891,24773.978655584,24000.0,24000.0,24.0,24.0,2025-03-21,4,False,False,21,False,3,1,True,False,False,False,0,0,1000.0,1029.6053031302915,1.0296053031302916
2025-03-22,13394.956022851,126,82.0,12000,24,20952.440679622992,21495.678386541284,174.66666666666666,183.14285714285714,20000.0,20571.428571428572,24710.527275127,13367.456158045,24000.0,12000.0,24.0,24.0,2025-03-22,5,True,False,22,False,3,1,False,False,False,False,24,0,500.0,558.1231676187916,1.1162463352375833
2025-03-23,13386.179799058,110,83.0,12000,24,17163.887699011993,21502.088666521428,139.66666666666666,182.71428571428572,16000.0,20571.428571428572,13394.956022851,13341.307839197001,12000.0,12000.0,24.0,24.0,2025-03-23,6,True,False,23,False,3,1,False,False,False,False,24,0,500.0,557.7574916274167,1.1155149832548332
2025-03-24,24775.399274373,219,166.0,24000,24,17185.511698760663,21511.939186960284,151.66666666666666,183.57142857142858,16000.0,20571.428571428572,13386.179799058,24706.445631301,12000.0,24000.0,24.0,24.0,2025-03-24,0,False,False,24,False,3,1,True,False,False,False,0,0,1000.0,1032.308303098875,1.0323083030988751
2025-03-25,24763.604474432,224,164.0,24000,24,20975.061182620993,21502.625723015717,184.33333333333334,184.57142857142858,20000.0,20571.428571428572,24775.399274373,24828.798722044,24000.0,24000.0,24.0,24.0,2025-03-25,1,False,False,25,False,3,1,True,False,True,False,0,0,1000.0,1031.8168531013332,1.0318168531013332
2025-03-26,24682.220325694,189,124.0,24000,24,24740.408024832996,21494.960844632285,210.66666666666666,180.85714285714286,24000.0,20571.428571428572,24763.604474432,24735.874474378,24000.0,24000.0,24.0,24.0,2025-03-26,2,False,False,26,False,3,1,True,False,True,False,0,0,1000.0,1028.4258469039166,1.0284258469039167
2025-03-27,24702.37801221,201,136.0,24000,24,24716.06760411199,21487.895026249287,204.66666666666666,178.85714285714286,24000.0,20571.428571428572,24682.220325694,24751.838740891,24000.0,24000.0,24.0,24.0,2025-03-27,3,False,False,27,False,3,1,True,False,True,False,0,0,1000.0,1029.26575050875,1.02926575050875
2025-03-28,13354.405965798,100,66.0,12000,24,20913.00143456733,19865.59198205943,163.33333333333334,167.0,20000.0,18857.14285714286,24702.37801221,24710.527275127,24000.0,24000.0,24.0,24.0,2025-03-28,4,False,False,28,True,3,1,True,False,True,False,0,24,500.0,556.43358190825,1.1128671638165
2025-03-29,13463.454324042,131,119.0,12000,24,17173.412767349993,19875.377453658144,144.0,167.71428571428572,16000.0,18857.14285714286,13354.405965798,13394.956022851,12000.0,12000.0,24.0,24.0,2025-03-29,5,True,False,29,True,3,1,False,False,True,True,24,24,500.0,560.97726350175,1.1219545270035
2025-03-30,13420.148419946,118,92.0,12000,24,13412.669569928663,19880.230113784997,116.33333333333333,168.85714285714286,12000.0,18857.14285714286,13463.454324042,13386.179799058,12000.0,12000.0,24.0,24.0,2025-03-30,6,True,False,30,True,3,1,False,False,True,True,24,24,500.0,559.1728508310833,1.1183457016621665
2025-03-31,13339.770030185,107,58.0,12000,24,13407.790924724328,18246.568793186714,118.66666666666667,152.85714285714286,12000.0,17142.85714285714,13420.148419946,24775.399274373,12000.0,24000.0,24.0,24.0,2025-03-31,0,False,True,31,True,3,1,True,False,True,False,0,24,500.0,555.8237512577083,1.1116475025154167
2025-04-01,24634.840279972,161,115.0,24000,24,17131.586243367663,18228.173908263856,128.66666666666666,143.85714285714286,16000.0,17142.85714285714,13339.770030185,24763.604474432,12000.0,24000.0,24.0,24.0,2025-04-01,1,False,False,1,False,4,2,True,True,False,False,0,0,1000.0,1026.4516783321667,1.0264516783321667
2025-04-02,24619.838783044,174,103.0,24000,24,20864.81636440033,18219.26225931386,147.33333333333334,141.71428571428572,20000.0,17142.85714285714,24634.840279972,24682.220325694,24000.0,24000.0,24.0,24.0,2025-04-02,2,False,False,2,False,4,2,True,True,False,False,0,0,1000.0,1025.8266159601667,1.0258266159601668
2025-04-03,24733.678673481,160,159.0,24000,24,24662.785912165662,18223.73378235257,165.0,135.85714285714286,24000.0,17142.85714285714,24619.838783044,24702.37801221,24000.0,24000.0,24.0,24.0,2025-04-03,3,False,False,3,False,4,2,True,True,False,False,0,0,1000.0,1030.569944728375,1.0305699447283752
2025-04-04,24669.610527976,154,144.0,24000,24,24674.375994833663,19840.19157694943,162.66666666666666,143.57142857142858,24000.0,18857.14285714286,24733.678673481,13354.405965798,24000.0,12000.0,24.0,24.0,2025-04-04,4,False,False,4,False,4,2,True,True,False,False,0,0,1000.0,1027.9004386656668,1.0279004386656667
2025-04-05,13323.618725141,78,52.0,12000,24,20908.969308865995,19820.215062820713,130.66666666666666,136.0,20000.0,18857.14285714286,24669.610527976,13463.454324042,24000.0,12000.0,24.0,24.0,2025-04-05,5,True,False,5,False,4,2,False,True,False,False,24,0,500.0,555.1507802142083,1.1103015604284165
2025-04-06,13353.424368881,78,77.0,12000,24,17115.551207332664,19810.68305552571,103.33333333333333,130.28571428571428,16000.0,18857.14285714286,13323.618725141,13420.148419946,12000.0,12000.0,24.0,24.0,2025-04-06,6,True,False,6,False,4,2,False,True,False,False,24,0,500.0,556.3926820367084,1.1127853640734167
2025-04-07,24667.013081263,169,145.0,24000,24,17114.685391761665,21428.860634251145,108.33333333333333,139.14285714285714,16000.0,20571.428571428572,13353.424368881,13339.770030185,12000.0,12000.0,24.0,24.0,2025-04-07,0,False,False,7,False,4,2,True,True,False,False,0,0,1000.0,1027.7922117192918,1.0277922117192917
2025-04-08,24692.245056215,159,143.0,24000,24,20904.227502119662,21437.061316571573,135.33333333333334,138.85714285714286,20000.0,20571.428571428572,24667.013081263,24634.840279972,24000.0,24000.0,24.0,24.0,2025-04-08,1,False,False,8,False,4,2,True,False,False,False,0,0,1000.0,1028.8435440089584,1.0288435440089583
2025-04-09,24586.880275808002,148,75.0,24000,24,24648.712804428662,21432.352958395,158.66666666666666,135.14285714285714,24000.0,20571.428571428572,24692.245056215,24619.838783044,24000.0,24000.0,24.0,24.0,2025-04-09,2,False,False,9,False,4,2,True,False,False,False,0,0,1000.0,1024.4533448253335,1.0244533448253335
2025-04-10,24616.94214188,160,98.0,24000,24,24632.022491301,21415.676311023428,155.66666666666666,135.14285714285714,24000.0,20571.428571428572,24586.880275808002,24733.678673481,24000.0,24000.0,24.0,24.0,2025-04-10,3,False,False,10,False,4,2,True,False,False,False,0,0,1000.0,1025.7059225783335,1.0257059225783334
2025-04-11,24656.36960885,157,127.0,24000,24,24620.064008845995,21413.784751148287,155.0,135.57142857142858,24000.0,20571.428571428572,24616.94214188,24669.610527976,24000.0,24000.0,24.0,24.0,2025-04-11,4,False,False,11,False,4,2,True,False,False,False,0,0,1000.0,1027.3487337020833,1.0273487337020832
2025-04-12,13350.756084291,90,79.0,12000,24,20874.68927834033,21417.661516741144,135.66666666666666,137.28571428571428,20000.0,20571.428571428572,24656.36960885,13323.618725141,24000.0,12000.0,24.0,24.0,2025-04-12,5,True,False,12,False,4,2,False,False,False,False,24,0,500.0,556.281503512125,1.11256300702425
2025-04-13,13312.243269845,76,34.0,12000,24,17106.45632099533,21411.77850259314,107.66666666666667,137.0,16000.0,20571.428571428572,13350.756084291,13353.424368881,12000.0,12000.0,24.0,24.0,2025-04-13,6,True,False,13,False,4,2,False,False,False,False,24,0,500.0,554.6768029102083,1.1093536058204165
2025-04-14,24588.428068039,147,86.0,24000,24,17083.809140724996,21400.55207213257,104.33333333333333,133.85714285714286,16000.0,20571.428571428572,13312.243269845,24667.013081263,12000.0,24000.0,24.0,24.0,2025-04-14,0,False,False,14,False,4,2,True,False,False,False,0,0,1000.0,1024.5178361682918,1.0245178361682916
2025-04-15,24660.307097212,180,124.0,24000,24,20853.659478365327,21395.989506560716,134.33333333333334,136.85714285714286,20000.0,20571.428571428572,24588.428068039,24692.245056215,24000.0,24000.0,24.0,24.0,2025-04-15,1,False,False,15,False,4,2,True,False,False,False,0,0,1000.0,1027.5127957171667,1.0275127957171666
2025-04-16,24661.754585806,175,124.0,24000,24,24636.829917018997,21406.68583656043,167.33333333333334,140.71428571428572,24000.0,20571.428571428572,24660.307097212,24586.880275808002,24000.0,24000.0,24.0,24.0,2025-04-16,2,False,False,16,False,4,2,True,False,False,False,0,0,1000.0,1027.5731077419166,1.0275731077419166
2025-04-17,24633.348866056,166,112.0,24000,24,24651.803516357995,21409.02965429986,173.66666666666666,141.57142857142858,24000.0,20571.428571428572,24661.754585806,24616.94214188,24000.0,24000.0,24.0,24.0,2025-04-17,3,False,False,17,False,4,2,True,False,False,False,0,0,1000.0,1026.3895360856666,1.0263895360856667
2025-04-18,24737.701847367,156,154.0,24000,24,24677.60176640966,21420.64854551657,165.66666666666666,141.42857142857142,24000.0,20571.428571428572,24633.348866056,24656.36960885,24000.0,24000.0,24.0,24.0,2025-04-18,4,False,False,18,False,4,2,True,False,False,False,0,0,1000.0,1030.737576973625,1.030737576973625
2025-04-19,13323.590206759,91,57.0,12000,24,20898.21364006066,21416.76770586914,137.66666666666666,141.57142857142858,20000.0,20571.428571428572,24737.701847367,13350.756084291,24000.0,12000.0,24.0,24.0,2025-04-19,5,True,False,19,False,4,2,False,False,False,False,24,0,500.0,555.1495919482917,1.1102991838965832
2025-04-20,13359.452992528,89,82.0,12000,24,17140.24834888466,21423.511951966713,112.0,143.42857142857142,16000.0,20571.428571428572,13323.590206759,13312.243269845,12000.0,12000.0,24.0,24.0,2025-04-20,6,True,False,20,False,4,2,False,False,False,False,24,0,500.0,556.6438746886666,1.1132877493773334
2025-04-21,24588.866868521,165,89.0,24000,24,17090.63668926933,21423.574637749854,115.0,146.0,16000.0,20571.428571428572,13359.452992528,24588.428068039,12000.0,24000.0,24.0,24.0,2025-04-21,0,False,False,21,False,4,2,True,False,False,False,0,0,1000.0,1024.5361195217083,1.0245361195217084
2025-04-22,24717.433355095,169,157.0,24000,24,20888.58440538133,21431.735531733142,141.0,144.42857142857142,20000.0,20571.428571428572,24588.866868521,24660.307097212,24000.0,24000.0,24.0,24.0,2025-04-22,1,False,False,22,False,4,2,True,False,False,False,0,0,1000.0,1029.8930564622917,1.0298930564622917
2025-04-23,24691.086917205,165,150.0,24000,24,24665.795713606993,21435.92586479014,166.33333333333334,143.0,24000.0,20571.428571428572,24717.433355095,24661.754585806,24000.0,24000.0,24.0,24.0,2025-04-23,2,False,False,23,False,4,2,True,False,False,False,0,0,1000.0,1028.795288216875,1.028795288216875
2025-04-24,24615.000531335,149,109.0,24000,24,24674.506934544992,21433.304674115712,161.0,140.57142857142858,24000.0,20571.428571428572,24691.086917205,24633.348866056,24000.0,24000.0,24.0,24.0,2025-04-24,3,False,False,24,False,4,2,True,False,False,False,0,0,1000.0,1025.6250221389585,1.0256250221389585
2025-04-25,24833.867386373,184,229.0,24000,24,24713.31827830433,21447.042608259428,166.0,144.57142857142858,24000.0,20571.428571428572,24615.000531335,24737.701847367,24000.0,24000.0,24.0,24.0,2025-04-25,4,False,False,25,False,4,2,True,False,True,False,0,0,1000.0,1034.7444744322083,1.0347444744322083
2025-04-26,13333.351410354,94,57.0,12000,24,20927.40644268733,21448.437065915856,142.33333333333334,145.0,20000.0,20571.428571428572,24833.867386373,13323.590206759,24000.0,12000.0,24.0,24.0,2025-04-26,5,True,False,26,False,4,2,False,False,True,False,24,0,500.0,555.55630876475,1.1111126175295
2025-04-27,13315.295021491,83,49.0,12000,24,17160.837939405996,21442.128784339144,120.33333333333333,144.14285714285714,16000.0,20571.428571428572,13333.351410354,13359.452992528,12000.0,12000.0,24.0,24.0,2025-04-27,6,True,False,27,False,4,2,False,False,True,False,24,0,500.0,554.8039592287917,1.1096079184575833
2025-04-28,13337.382851758,71,61.0,12000,24,13328.676427867662,19834.773924801575,82.66666666666667,130.71428571428572,12000.0,18857.14285714286,13315.295021491,24588.866868521,12000.0,24000.0,24.0,24.0,2025-04-28,0,False,False,28,True,4,2,True,False,True,False,0,24,500.0,555.7242854899167,1.1114485709798334
2025-04-29,13374.82390516,88,85.0,12000,24,13342.500592802995,18214.40114623943,80.66666666666667,119.14285714285714,12000.0,17142.85714285714,13337.382851758,24717.433355095,12000.0,24000.0,24.0,24.0,2025-04-29,1,False,False,29,True,4,2,True,False,True,False,0,24,500.0,557.2843293816667,1.1145686587633332
2025-04-30,13275.44890246,68,38.0,12000,24,13329.218553125995,16583.595715561572,75.66666666666667,105.28571428571429,12000.0,15428.57142857143,13374.82390516,24691.086917205,12000.0,24000.0,24.0,24.0,2025-04-30,2,False,True,30,True,4,2,True,False,True,False,0,24,500.0,553.1437042691667,1.1062874085383334
2025-05-01,24751.236755293,146,180.0,24000,24,17133.836520970995,16603.05803326986,100.66666666666667,104.85714285714286,16000.0,15428.57142857143,13275.44890246,24615.000531335,12000.0,24000.0,24.0,24.0,2025-05-01,3,False,False,1,False,5,2,True,True,False,False,0,0,1000.0,1031.3015314705417,1.0313015314705416
2025-05-02,24763.547521681,153,188.0,24000,24,20930.077726477994,16593.012338313856,122.33333333333333,100.42857142857143,20000.0,15428.57142857143,24751.236755293,24833.867386373,24000.0,24000.0,24.0,24.0,2025-05-02,4,False,False,2,False,5,2,True,True,False,False,0,0,1000.0,1031.8144800700418,1.0318144800700417
2025-05-03,13427.690151122,85,109.0,12000,24,20980.824809365327,16606.489301280715,128.0,99.14285714285714,20000.0,15428.57142857143,24763.547521681,13333.351410354,24000.0,12000.0,24.0,24.0,2025-05-03,5,True,False,3,False,5,2,False,True,False,False,24,0,500.0,559.4870896300833,1.1189741792601666
2025-05-04,13354.057983529,69,73.0,12000,24,17181.76521877733,16612.026867286142,102.33333333333333,97.14285714285714,16000.0,15428.57142857143,13427.690151122,13315.295021491,12000.0,12000.0,24.0,24.0,2025-05-04,6,True,False,4,False,5,2,False,True,False,False,24,0,500.0,556.4190826470416,1.1128381652940833
2025-05-05,24798.160821965,157,187.0,24000,24,17193.30298553866,18249.280863030002,103.66666666666667,109.42857142857143,16000.0,17142.85714285714,13354.057983529,13337.382851758,12000.0,12000.0,24.0,24.0,2025-05-05,0,False,False,5,False,5,2,True,True,False,False,0,0,1000.0,1033.2567009152083,1.0332567009152083
2025-05-06,24770.132704674,165,194.0,24000,24,20974.117170055997,19877.18212010343,130.33333333333334,120.42857142857143,20000.0,18857.14285714286,24798.160821965,13374.82390516,24000.0,12000.0,24.0,24.0,2025-05-06,1,False,False,6,False,5,2,True,True,False,False,0,0,1000.0,1032.08886269475,1.03208886269475
2025-05-07,24699.191978013,135,149.0,24000,24,24755.82850155066,21509.145416610998,152.33333333333334,130.0,24000.0,20571.428571428572,24770.132704674,13275.44890246,24000.0,12000.0,24.0,24.0,2025-05-07,2,False,False,7,False,5,2,True,True,False,False,0,0,1000.0,1029.1329990838751,1.0291329990838751
2025-05-08,24742.143306869,151,170.0,24000,24,24737.155996518664,21507.846352550427,150.33333333333334,130.71428571428572,24000.0,20571.428571428572,24699.191978013,24751.236755293,24000.0,24000.0,24.0,24.0,2025-05-08,3,False,False,8,False,5,2,True,False,False,False,0,0,1000.0,1030.9226377862083,1.0309226377862082
2025-05-09,24734.099736216,145,179.0,24000,24,24725.145007032665,21503.639526055427,143.66666666666666,129.57142857142858,24000.0,20571.428571428572,24742.143306869,24763.547521681,24000.0,24000.0,24.0,24.0,2025-05-09,4,False,False,9,False,5,2,True,False,False,False,0,0,1000.0,1030.5874890090001,1.030587489009
2025-05-10,13411.805644316,93,93.0,12000,24,20962.682895800328,21501.370310797432,129.66666666666666,130.71428571428572,20000.0,20571.428571428572,24734.099736216,13427.690151122,24000.0,12000.0,24.0,24.0,2025-05-10,5,True,False,10,False,5,2,False,False,False,False,24,0,500.0,558.8252351798334,1.1176504703596668
2025-05-11,13356.110706619,60,75.0,12000,24,17167.338695716997,21501.663556953143,99.33333333333333,129.42857142857142,16000.0,20571.428571428572,13411.805644316,13354.057983529,12000.0,12000.0,24.0,24.0,2025-05-11,6,True,False,11,False,5,2,False,False,False,False,24,0,500.0,556.5046127757917,1.1130092255515833
